型号,价格,热度,评分
一加7 Pro（12GB/256GB/全网通）,￥4999,100%,9.2分
一加7（8GB/256GB/全网通）,￥2999,33%,7.4分
一加6T（6GB RAM/全网通）,￥2999,14%,8.9分
一加7 Pro（8GB/256GB/全网通）,￥4499,7%,9.2分
一加7 Pro（12GB/256GB/5G全网通）,概念产品,6%,无评分，去点评 >
一加7 Pro（6GB/128GB/全网通）,￥3999,5%,9.2分
一加6T（8GB RAM/全网通）,￥3199,4%,8.9分
一加6（8GB RAM/全网通）,￥2739,2%,8.5分
一加5T（6GB RAM/全网通）,￥2199,1%,8.9分
一加6漫威复仇者联盟限量版（全网通）,￥4099,1%,3.2分
一加5（8GB RAM/全网通）,￥3499,1%,7.7分
一加7（12GB/256GB/全网通）,￥3499,1%,7.4分
一加3T（全网通）,￥2699,0%,7.9分
一加6（6GB RAM/全网通）,￥2499,0%,8.5分
一加3（全网通）,￥2499,0%,8.3分
一加5T（8GB RAM/全网通）,￥2599,0%,8.9分
一加6T迈凯伦特别版（全网通）,￥4599,0%,8.9分
一加5（6GB RAM/全网通）,￥2799,0%,7.7分
一加5G手机,概念产品,0%,无评分，去点评 >
